<step title="BackgroundTrace" date="2025-07-23T20:03:03.607" instance="eff899" url="/api/publish" method="POST" >
  <step title="Cleanup Xml Logs" date="2025-07-23T20:03:03.611" /><!-- duration: 9ms -->
  <step title="Creating temporary deployment - FetchDeploymentManager" date="2025-07-23T20:03:03.692" /><!-- duration: 3ms -->
  <step title="Creating temporary deployment" date="2025-07-23T20:03:03.699" /><!-- duration: 99ms -->
  <step title="Performing fetch based deployment" date="2025-07-23T20:03:03.854" >
    <step title="Cleaning up temp folders from previous zip deployments and extracting pushed zip file /tmp/zipdeploy/f863052c-a042-4fca-ac89-77ff1811006f.zip (94.51 MB) to /tmp/zipdeploy/extracted" date="2025-07-23T20:03:05.058" >
      <step title="ChmodRecursive Process exited with total time taken in ms: 148" date="2025-07-23T20:03:16.759" /><!-- duration: 8ms -->
    </step><!-- duration: 11718ms -->
    <step title="Deployment timer started" date="2025-07-23T20:03:18.804" >
      <step title="DeploymentManager.Deploy(id:7033768f-a5a8-4c00-8f06-4e8774498278)" date="2025-07-23T20:03:18.809" >
        <step title="Collecting changeset information" date="2025-07-23T20:03:18.852" /><!-- duration: 110ms -->
        <step title="Updating submodules" date="2025-07-23T20:03:18.968" /><!-- duration: 1105ms -->
        <step title="Determining deployment builder" date="2025-07-23T20:03:20.358" >
          <step title="Builder is OneDeployBuilder" date="2025-07-23T20:03:20.394" /><!-- duration: 3ms -->
        </step><!-- duration: 43ms -->
        <step title="PreDeployment: context.CleanOutputPath False" date="2025-07-23T20:03:20.463" >
          <step title="PreDeployment: context.OutputPath /home/site/wwwroot" date="2025-07-23T20:03:20.573" >
            <step title="Building" date="2025-07-23T20:03:20.733" >
              <step title="Executing external process" date="2025-07-23T20:03:21.212" type="process" path="starter.sh" arguments="/opt/Kudu/Scripts/parallel_rsync.sh /tmp/zipdeploy/extracted /home/site/wwwroot 8 /tmp/ False False  " /><!-- duration: 57807ms -->
              <step title="Modified file to trigger a restart of the app container." date="2025-07-23T20:04:19.786" /><!-- duration: 11ms -->
              <step title="Skip function trigger and logicapp sync because function is not enabled." date="2025-07-23T20:04:19.885" /><!-- duration: 10ms -->
            </step><!-- duration: 60025ms -->
          </step><!-- duration: 60192ms -->
          <step title="Cleaning up temp files" date="2025-07-23T20:04:20.768" /><!-- duration: 16ms -->
          <step title="Cleaning up temp files" date="2025-07-23T20:04:20.793" /><!-- duration: 512ms -->
          <step title="Reloading status file with latest updates" date="2025-07-23T20:04:21.369" >
            <step title="WebHooksManager.PublishEventAsync: PostDeployment" date="2025-07-23T20:04:21.381" /><!-- duration: 98ms -->
          </step><!-- duration: 114ms -->
          <step title="Cleaning up temporary deployment - fetch deployment was successful" date="2025-07-23T20:04:21.488" /><!-- duration: 2ms -->
        </step><!-- duration: 61125ms -->
      </step><!-- duration: 62795ms -->
