<step title="Incoming Request" date="2025-07-23T20:02:56.084" instance="eff899" url="/api/publish?async=true&amp;deployer=GITHUB_ONE_DEPLOY&amp;type=zip&amp;message=%7B%22type%22%3A%22deployment%22%2C%22sha%22%3A%224824e2a9a1e0a37290856884dc1eb4e27659e35b%22%2C%22repoName%22%3A%22vivektripaathi%2Fomniplex%22%2C%22actor%22%3A%22vivektripaathi%22%2C%22slotName%22%3A%22Production%22%2C%22commitMessage%22%3A%22feat(workflow)%3A%20enhance%20Azure%20deployment%20workflow%20with%20additional%20API%20keys%20and%20Firebase%20configuration%22%7D" method="POST" type="request" pid="820,1,7" Host="omniplexvivek-dqcsgthvc8fhaygf.scm.centralindia-01.azurewebsites.net" User-Agent="GITHUBACTIONS_DeployWebAppToAzure_01f9ecacba024c607229430fb37db5f2998f98f785a70987dbba867bd2262014" Authorization="Bas..." Content-Type="application/octet-stream" Cookie="ARRAffinity=eff89978f5cf6bb0100ab5f0395c7a27d61f638450e8da07309cd08333b23017;Path=/;HttpOnly;Secure;Domain=omniplexvivek-dqcsgthvc8fhaygf.scm.centralindia-01.azurewebsites.net; ARRAffinitySameSite=eff89978f5cf6bb0100ab5f0395c7a27d61f638450e8da07309cd08333b23017;Path=/;HttpOnly;SameSite=None;Secure;Domain=omniplexvivek-dqcsgthvc8fhaygf.scm.centralindia-01.azurewebsites.net" Transfer-Encoding="chunked" X-ARR-LOG-ID="449e26d4-152a-4290-bd0c-445f61f6812f" CLIENT-IP="74.249.79.50:35841" X-SITE-DEPLOYMENT-ID="OmniplexVivek" WAS-DEFAULT-HOSTNAME="omniplexvivek-dqcsgthvc8fhaygf.scm.centralindia-01.azurewebsites.net" X-Forwarded-Proto="https" X-AppService-Proto="https" X-Forwarded-TlsVersion="1.3" X-WAWS-Unencoded-URL="/api/publish?async=true&amp;deployer=GITHUB_ONE_DEPLOY&amp;type=zip&amp;message=%7B%22type%22%3A%22deployment%22%2C%22sha%22%3A%224824e2a9a1e0a37290856884dc1eb4e27659e35b%22%2C%22repoName%22%3A%22vivektripaathi%2Fomniplex%22%2C%22actor%22%3A%22vivektripaathi%22%2C%22slotName%22%3A%22Production%22%2C%22commitMessage%22%3A%22feat(workflow)%3A%20enhance%20Azure%20deployment%20workflow%20with%20additional%20API%20keys%20and%20Firebase%20configuration%22%7D" X-Client-IP="74.249.79.50" X-Client-Port="35841" >
  <step title="Cleanup Xml Logs" date="2025-07-23T20:02:56.087" /><!-- duration: 10ms -->
  <step title="OneDeploy" date="2025-07-23T20:02:56.187" >
    <step title="None repository commit" date="2025-07-23T20:02:56.200" >
      <step title="Commit id: 7033768f-a5a8-4c00-8f06-4e8774498278" date="2025-07-23T20:02:56.203" Message="N/A" AuthorName="N/A" AuthorEmail="N/A" /><!-- duration: 3ms -->
    </step><!-- duration: 9ms -->
    <step title="Starting PushDeployAsync" date="2025-07-23T20:02:56.214" /><!-- duration: 6ms -->
    <step title="Writing artifact to /tmp/zipdeploy/f863052c-a042-4fca-ac89-77ff1811006f.zip" date="2025-07-23T20:02:56.240" >
      <step title="Writing multipart request body to /tmp/zipdeploy/f863052c-a042-4fca-ac89-77ff1811006f.zip" date="2025-07-23T20:02:56.243" /><!-- duration: 4ms -->
    </step><!-- duration: 7342ms -->
    <step title="Start deployment in the background" date="2025-07-23T20:03:03.600" >
      <step title="Acquiring Deployment Lock" date="2025-07-23T20:03:03.638" /><!-- duration: 3ms -->
      <step title="Acquired Deployment Lock" date="2025-07-23T20:03:03.686" /><!-- duration: 3ms -->
    </step><!-- duration: 202ms -->
  </step><!-- duration: 7622ms -->
  <step title="Outgoing response" date="2025-07-23T20:03:03.823" type="response" statusCode="202" statusText="Accepted" /><!-- duration: 3ms -->
</step><!-- duration: 7745ms -->
