﻿<?xml version="1.0" encoding="utf-8"?>
<deployment>
  <id>7033768f-a5a8-4c00-8f06-4e8774498278</id>
  <author>N/A</author>
  <deployer>OneDeploy</deployer>
  <authorEmail>N/A</authorEmail>
  <message>OneDeploy</message>
  <progress></progress>
  <status>Success</status>
  <statusText></statusText>
  <lastSuccessEndTime>2025-07-23T20:04:20.3981617Z</lastSuccessEndTime>
  <receivedTime>2025-07-23T20:03:18.9107277Z</receivedTime>
  <startTime>2025-07-23T20:03:20.3027063Z</startTime>
  <endTime>2025-07-23T20:04:20.3981617Z</endTime>
  <complete>True</complete>
  <is_temp>False</is_temp>
  <is_readonly>True</is_readonly>
  <buildSummary />
</deployment>